sample,patient id,Condition,Age,Gender (F/M),Hight,Weight,BMI,Pathologic Diagnosis,Drugs
22-1,P22,Day0,61,M,168,73,25.26,Lung Adenocarcinoma,5-Fu
29-1,P29,Day0,49,F,160,60,20.76,Gastric Adenocarcinoma,5-Fu
4-1,P4,Day0,62,M,166,68,23.53,Lung Adenocarcinoma,5-Fu
41-1,P41,Day0,57,M,172,70,24.22,Hepatobiliary cell carcinoma,5-Fu
45-1,P45,Day0,63,M,165,70,24.22,Lung Adenocarcinoma,5-Fu
48-1,P48,Day0,60,M,170,75,25.95,Rectal adenocarcinoma,5-Fu
22-2,P22,Day30,61,M,168,73,25.26,Lung Adenocarcinoma,5-Fu
29-2,P29,Day30,49,F,160,60,20.76,Gastric Adenocarcinoma,5-Fu
30-2,P30,Day30,62,M,168,69,23.88,Lung Adenocarcinoma,5-Fu
4-2,P4,Day30,62,M,166,68,23.53,Lung Adenocarcinoma,5-Fu
41-2,P41,Day30,57,M,172,70,24.22,Hepatobiliary cell carcinoma,5-Fu
45-2,P45,Day30,63,M,165,70,24.22,Lung Adenocarcinoma,5-Fu
48-2,P48,Day30,60,M,170,75,25.95,Rectal adenocarcinoma,5-Fu
1-1,P1,Day0,78,F,160,55,19.03,Lung Adenocarcinoma,Oxaliplatin
16-1,P16,Day0,77,F,154,40,13.84,Lung Adenocarcinoma,Oxaliplatin
2-1,P2,Day0,74,F,158,55,19.03,Vaginal carcinoma,Oxaliplatin
20-1,P20,Day0,62,F,170,69,23.88,Ovarian cancer,Oxaliplatin
23-1,P23,Day0,79,F,160,54,18.69,Lung Adenocarcinoma,Oxaliplatin
25-1,P25,Day0,60,F,155,45,15.57,Squamous cell carcinoma,Oxaliplatin
28-1,P28,Day0,74,F,156,56,19.38,vaginal carcinoma,Oxaliplatin
34-1,P34,Day0,74,F,160,65,22.49,vaginal carcinoma,Oxaliplatin
35-1,P35,Day0,83,M,168,60,20.76,Lung Adenocarcinoma,Oxaliplatin
37-1,P37,Day0,36,F,150,55,19.03,Hepatobiliary cell carcinoma,Oxaliplatin
44-1,P44,Day0,85,F,160,72,24.91,Lung Adenocarcinoma,Oxaliplatin
51-1,P51,Day0,62,F,170,69,23.88,Ovarian cancer,Oxaliplatin
58-1,P58,Day0,62,F,169,72,24.91,Lung Adenocarcinoma,Oxaliplatin
63-1,P63,Day0,63,F,170,70,24.22,Ovarian cancer,Oxaliplatin
7-1,P7,Day0,60,F,155,45,15.57,Squamous cell carcinoma,Oxaliplatin
8-1,P8,Day0,71,M,170,72,24.91,Lung Adenocarcinoma,Oxaliplatin
9-1,P9,Day0,56,M,176,62,21.45,Rectal adenocarcinoma,Oxaliplatin
16-2,P16,Day30,77,F,154,40,13.84,Lung Adenocarcinoma,Oxaliplatin
2-2,P2,Day30,74,F,158,55,19.03,vaginal carcinoma,Oxaliplatin
20-2,P20,Day30,62,F,170,69,23.88,Ovarian cancer,Oxaliplatin
23-2,P23,Day30,79,F,160,54,18.69,Lung Adenocarcinoma,Oxaliplatin
25-2,P25,Day30,60,F,155,45,15.57,Squamous cell carcinoma,Oxaliplatin
28-2,P28,Day30,74,F,156,56,19.38,vaginal carcinoma,Oxaliplatin
34-2,P34,Day30,74,F,160,65,22.49,vaginal carcinoma,Oxaliplatin
35-2,P35,Day30,83,M,168,60,20.76,Lung Adenocarcinoma,Oxaliplatin
37-2,P37,Day30,36,F,150,55,19.03,Hepatobiliary cell carcinoma,Oxaliplatin
44-2,P44,Day30,85,F,160,72,24.91,Lung Adenocarcinoma,Oxaliplatin
51-2,P51,Day30,62,F,170,69,23.88,Ovarian cancer,Oxaliplatin
58-2,P58,Day30,62,F,169,72,24.91,Lung Adenocarcinoma,Oxaliplatin
63-2,P63,Day30,63,F,170,70,24.22,Ovarian cancer,Oxaliplatin
8-2,P8,Day30,71,M,170,72,24.91,Lung Adenocarcinoma,Oxaliplatin
9-2,P9,Day30,56,M,176,62,21.45,Rectal adenocarcinoma,Oxaliplatin
14-1,P14,Day0,79,M,160,50,17.3,Rectal adenocarcinoma,Oxaliplatin+5-Fu
15-1,P15,Day0,74,M,165,50,17.3,Rectal adenocarcinoma,Oxaliplatin+5-Fu
18-1,P18,Day0,48,M,165,61,21.11,Gastric Adenocarcinoma,Oxaliplatin+5-Fu
24-1,P24,Day0,60,F,156,45,15.57,Gastric Adenocarcinoma,Oxaliplatin+5-Fu
26-1,P26,Day0,48,M,165,60,20.76,Gastric Adenocarcinoma,Oxaliplatin+5-Fu
3-1,P3,Day0,48,M,165,60,20.76,Gastric Adenocarcinoma,Oxaliplatin+5-Fu
31-1,P31,Day0,79,M,765,49,16.96,Rectal adenocarcinoma,Oxaliplatin+5-Fu
38-1,P38,Day0,48,M,175,75,25.95,Gastric Adenocarcinoma,Oxaliplatin+5-Fu
49-1,P49,Day0,62,M,172,72,24.91,Rectal adenocarcinoma,Oxaliplatin+5-Fu
5-1,P5,Day0,76,F,160,60,20.76,Rectal adenocarcinoma,Oxaliplatin+5-Fu
6-1,P6,Day0,43,F,158,60,20.76,Lung Adenocarcinoma,Oxaliplatin+5-Fu
12-2,P12,Day30,62,M,169,69,23.88,Rectal adenocarcinoma,Oxaliplatin+5-Fu
14-2,P14,Day30,79,M,160,50,17.3,Rectal adenocarcinoma,Oxaliplatin+5-Fu
18-2,P18,Day30,48,M,165,61,21.11,Gastric Adenocarcinoma,Oxaliplatin+5-Fu
19-2,P19,Day30,36,F,150,55,19.03,Hepatobiliary cell carcinoma,Oxaliplatin+5-Fu
24-2,P24,Day30,60,F,156,45,15.57,Gastric Adenocarcinoma,Oxaliplatin+5-Fu
26-2,P26,Day30,48,M,165,60,20.76,Gastric Adenocarcinoma,Oxaliplatin+5-Fu
3-2,P3,Day30,48,M,165,60,20.76,Gastric Adenocarcinoma,Oxaliplatin+5-Fu
31-2,P31,Day30,79,M,765,49,16.96,Rectal adenocarcinoma,Oxaliplatin+5-Fu
38-2,P38,Day30,48,M,175,75,25.95,Gastric Adenocarcinoma,Oxaliplatin+5-Fu
49-2,P49,Day30,62,M,172,72,24.91,Rectal adenocarcinoma,Oxaliplatin+5-Fu
5-2,P5,Day30,76,F,160,60,20.76,Rectal adenocarcinoma,Oxaliplatin+5-Fu
6-2,P6,Day30,43,F,158,60,20.76,Lung Adenocarcinoma,Oxaliplatin+5-Fu